{
	"name":"aesencrypt",
	"type":"flogo:function",
	"version":"0.0.1",
	"title":"aesencrypt",
	"description":"Encrypt using AES ",
	"functions":[
		{
		"name":"aesencrypt",
		"description":"Encrypts the given string using AES algorithm",
		"example":"aesencrypt(plaintext,passphrase,salt)",
		"args":[
			{
			 "name":"plaintext",
			 "type":"string",
			 "valueType":"string"
			},
			{
			 "name":"passphrase",
			 "type":"string",
			 "valueType":"string"
			},
			{
			 "name":"salt",
			 "type":"string",
			 "valueType":"string"
			}
		],
		"return":{
			"type":"string",
			"valueType":"string"
		}
		}
	]
}
