{
	"name":"aesdecrypt",
	"type":"flogo:function",
	"version":"0.0.1",
	"title":"aesdecrypt",
	"description":"Decrypt using AES ",
	"functions":[
		{
		"name":"aesdecrypt",
		"description":"Decrypts the given string using AES algorithm",
		"example":"aesdecrypt(encrpytedtext,passphrase,salt)",
		"args":[
			{
			 "name":"plaintext",
			 "type":"string",
			 "valueType":"string"
			},
			{
			 "name":"passphrase",
			 "type":"string",
			 "valueType":"string"
			},
			{
			 "name":"salt",
			 "type":"string",
			 "valueType":"string"
			}
		],
		"return":{
			"type":"string",
			"valueType":"string"
		}
		}
	]
}
